{
  "resid_std": 69.83695415381396,
  "resid_q": [
    -1.520576534747472,
    -0.005903986694999974,
    1.3961552415212628
  ]
}